model_path	ndcg@5_val	ndcg@10_val	ndcg@5_test	ndcg@10_test
./output_dir/Qwen2.5-1.5B_sft/checkpoint-375	0.09067433158193708	0.09616205493432886	0.0843771675725429	0.08956197822537769
./output_dir/Qwen2.5-1.5B_sft/final_checkpoint	0.09067433158193708	0.09616205493432886	0.0843771675725429	0.08956197822537769
./output_dir/Qwen2.5-1.5B_sft_2/checkpoint-375	0.08879330760534834	0.09412544333028232	0.08941098211448538	0.09613747159569887
./output_dir/Qwen2.5-1.5B_sft_2/final_checkpoint	0.08879330760534834	0.09412544333028232	0.08941098211448538	0.09613747159569887
